{"cameraMode":{"drawMode":0,"name":"Shaded","section":"Shading Mode"},"sceneLighting":false,"audioPlay":false,"sceneViewState":{"showFog":false,"showMaterialUpdate":false,"showSkybox":false,"showFlares":false,"showImageEffects":false,"showParticleSystems":false},"in2DMode":false,"pivot":{"x":0.5120906829833984,"y":1.0086958408355713,"z":1.000680923461914},"rotation":{"x":-0.4053448736667633,"y":-0.08752093464136124,"z":0.03900386020541191,"w":-0.9091514945030212},"size":2.9347143173217775,"orthographic":false}