{"cameraMode":{"drawMode":0,"name":"Shaded","section":"Shading Mode"},"sceneLighting":true,"audioPlay":false,"sceneViewState":{"showFog":false,"showMaterialUpdate":false,"showSkybox":false,"showFlares":false,"showImageEffects":false,"showParticleSystems":false},"in2DMode":false,"pivot":{"x":-13.227832794189454,"y":19.12394142150879,"z":2.661224365234375},"rotation":{"x":0.3381357491016388,"y":0.06934574246406555,"z":-0.024905692785978318,"w":0.9382436275482178},"size":1.0032758712768555,"orthographic":false}