{"cameraMode":{"drawMode":0,"name":"Shaded","section":"Shading Mode"},"sceneLighting":true,"audioPlay":false,"sceneViewState":{"showFog":false,"showMaterialUpdate":false,"showSkybox":false,"showFlares":false,"showImageEffects":false,"showParticleSystems":false},"in2DMode":false,"pivot":{"x":68.63642120361328,"y":-1.6990807056427003,"z":10.02353572845459},"rotation":{"x":0.01780753955245018,"y":-0.9780210256576538,"z":0.18586230278015138,"w":0.09352907538414002},"size":5.490329265594482,"orthographic":false}