{"cameraMode":{"drawMode":0,"name":"Shaded","section":"Shading Mode"},"sceneLighting":true,"audioPlay":false,"sceneViewState":{"showFog":false,"showMaterialUpdate":false,"showSkybox":false,"showFlares":false,"showImageEffects":false,"showParticleSystems":false},"in2DMode":false,"pivot":{"x":10.733386993408204,"y":-48.27231216430664,"z":144.4053497314453},"rotation":{"x":-0.16806456446647645,"y":-0.019497442990541459,"z":0.0033142180182039739,"w":-0.9855888485908508},"size":82.00566101074219,"orthographic":false}