{"cameraMode":{"drawMode":0,"name":"Shaded","section":"Shading Mode"},"sceneLighting":true,"audioPlay":false,"sceneViewState":{"showFog":false,"showMaterialUpdate":false,"showSkybox":false,"showFlares":false,"showImageEffects":false,"showParticleSystems":false},"in2DMode":false,"pivot":{"x":-10.846467018127442,"y":27.508922576904298,"z":-4.08036994934082},"rotation":{"x":0.2414056658744812,"y":-0.025647882372140886,"z":0.006429845467209816,"w":0.9700859785079956},"size":15.67277717590332,"orthographic":false}