{"cameraMode":{"drawMode":0,"name":"Shaded","section":"Shading Mode"},"sceneLighting":false,"audioPlay":false,"sceneViewState":{"showFog":false,"showMaterialUpdate":false,"showSkybox":false,"showFlares":false,"showImageEffects":false,"showParticleSystems":false},"in2DMode":false,"pivot":{"x":-0.2098345160484314,"y":0.5420041084289551,"z":-1.004663348197937},"rotation":{"x":0.3656575679779053,"y":0.017284853383898736,"z":-0.006748540792614222,"w":0.9305902123451233},"size":1.168439507484436,"orthographic":false}