{"cameraMode":{"drawMode":0,"name":"Shaded","section":"Shading Mode"},"sceneLighting":false,"audioPlay":false,"sceneViewState":{"showFog":false,"showMaterialUpdate":false,"showSkybox":false,"showFlares":false,"showImageEffects":false,"showParticleSystems":false},"in2DMode":false,"pivot":{"x":0.024189934134483339,"y":0.6961146593093872,"z":0.03862188756465912},"rotation":{"x":0.2610947787761688,"y":-0.07147914171218872,"z":0.0193893164396286,"w":0.9624841213226318},"size":0.8551511168479919,"orthographic":false}