{"cameraMode":{"drawMode":0,"name":"Shaded","section":"Shading Mode"},"sceneLighting":true,"audioPlay":false,"sceneViewState":{"showFog":false,"showMaterialUpdate":false,"showSkybox":false,"showFlares":false,"showImageEffects":false,"showParticleSystems":false},"in2DMode":false,"pivot":{"x":-6.508876800537109,"y":-23.815248489379884,"z":-5.776172637939453},"rotation":{"x":0.4489591717720032,"y":0.03133314475417137,"z":-0.01570841297507286,"w":0.8928883671760559},"size":27.528099060058595,"orthographic":false}