{"cameraMode":{"drawMode":0,"name":"Shaded","section":"Shading Mode"},"sceneLighting":true,"audioPlay":false,"sceneViewState":{"showFog":false,"showMaterialUpdate":false,"showSkybox":false,"showFlares":false,"showImageEffects":false,"showParticleSystems":false},"in2DMode":false,"pivot":{"x":27.09710121154785,"y":-11.563968658447266,"z":-12.177667617797852},"rotation":{"x":0.35193997621536257,"y":-0.22749322652816773,"z":0.0886058658361435,"w":0.9036383628845215},"size":15.111828804016114,"orthographic":false}