{"cameraMode":{"drawMode":0,"name":"Shaded","section":"Shading Mode"},"sceneLighting":false,"audioPlay":false,"sceneViewState":{"showFog":false,"showMaterialUpdate":false,"showSkybox":false,"showFlares":false,"showImageEffects":false,"showParticleSystems":false},"in2DMode":false,"pivot":{"x":12.996936798095704,"y":1.7999513149261475,"z":32.15681457519531},"rotation":{"x":0.02867003343999386,"y":-0.9525519609451294,"z":0.28778257966041567,"w":0.0948968380689621},"size":0.8764817714691162,"orthographic":false}