{"cameraMode":{"drawMode":0,"name":"Shaded","section":"Shading Mode"},"sceneLighting":true,"audioPlay":false,"sceneViewState":{"showFog":false,"showMaterialUpdate":false,"showSkybox":false,"showFlares":false,"showImageEffects":false,"showParticleSystems":false},"in2DMode":false,"pivot":{"x":19.01406478881836,"y":-17.16752052307129,"z":17.632427215576173},"rotation":{"x":-0.14269189536571504,"y":-0.6614351272583008,"z":0.13021710515022279,"w":-0.7247115969657898},"size":27.473529815673829,"orthographic":false}