{"cameraMode":{"drawMode":0,"name":"Shaded","section":"Shading Mode"},"sceneLighting":false,"audioPlay":false,"sceneViewState":{"showFog":false,"showMaterialUpdate":false,"showSkybox":false,"showFlares":false,"showImageEffects":false,"showParticleSystems":false},"in2DMode":false,"pivot":{"x":5.960464477539063e-8,"y":0.09358322620391846,"z":-0.02348819002509117},"rotation":{"x":0.09227309376001358,"y":0.764214277267456,"z":-0.11223500221967697,"w":0.6284864544868469},"size":0.19430212676525117,"orthographic":false}