{"cameraMode":{"drawMode":0,"name":"Shaded","section":"Shading Mode"},"sceneLighting":false,"audioPlay":false,"sceneViewState":{"showFog":false,"showMaterialUpdate":false,"showSkybox":false,"showFlares":false,"showImageEffects":false,"showParticleSystems":false},"in2DMode":false,"pivot":{"x":-11.175508499145508,"y":9.227425575256348,"z":-41.899234771728519},"rotation":{"x":-0.14137667417526246,"y":-0.025518104434013368,"z":0.0036349010188132526,"w":-0.9896329641342163},"size":0.5121647119522095,"orthographic":false}