{"cameraMode":{"drawMode":0,"name":"Shaded","section":"Shading Mode"},"sceneLighting":true,"audioPlay":false,"sceneViewState":{"showFog":false,"showMaterialUpdate":false,"showSkybox":false,"showFlares":false,"showImageEffects":false,"showParticleSystems":false},"in2DMode":false,"pivot":{"x":-10.457727432250977,"y":0.3100414276123047,"z":-13.50674057006836},"rotation":{"x":0.3381357491016388,"y":0.06934574246406555,"z":-0.024905692785978318,"w":0.9382436275482178},"size":16.516799926757814,"orthographic":false}