{"cameraMode":{"drawMode":0,"name":"Shaded","section":"Shading Mode"},"sceneLighting":true,"audioPlay":false,"sceneViewState":{"showFog":false,"showMaterialUpdate":false,"showSkybox":false,"showFlares":false,"showImageEffects":false,"showParticleSystems":false},"in2DMode":false,"pivot":{"x":-11.208986282348633,"y":-3.6905059814453127,"z":-44.358253479003909},"rotation":{"x":-0.17925213277339936,"y":0.52340167760849,"z":-0.11370254307985306,"w":-0.8252363801002502},"size":19.65375518798828,"orthographic":false}