{"cameraMode":{"drawMode":0,"name":"Shaded","section":"Shading Mode"},"sceneLighting":true,"audioPlay":false,"sceneViewState":{"showFog":false,"showMaterialUpdate":false,"showSkybox":false,"showFlares":false,"showImageEffects":false,"showParticleSystems":false},"in2DMode":false,"pivot":{"x":19.411876678466798,"y":-12.465555191040039,"z":9.6644287109375},"rotation":{"x":0.02867003343999386,"y":-0.9525519609451294,"z":0.28778257966041567,"w":0.0948968380689621},"size":25.50965118408203,"orthographic":false}