{"cameraMode":{"drawMode":0,"name":"Shaded","section":"Shading Mode"},"sceneLighting":true,"audioPlay":false,"sceneViewState":{"showFog":false,"showMaterialUpdate":false,"showSkybox":false,"showFlares":false,"showImageEffects":false,"showParticleSystems":false},"in2DMode":false,"pivot":{"x":59.29228973388672,"y":-1.9256548881530762,"z":0.5635776519775391},"rotation":{"x":-0.028030768036842347,"y":0.9623463153839111,"z":-0.1090264767408371,"w":-0.24772067368030549},"size":15.808236122131348,"orthographic":false}