{"cameraMode":{"drawMode":0,"name":"Shaded","section":"Shading Mode"},"sceneLighting":true,"audioPlay":false,"sceneViewState":{"showFog":false,"showMaterialUpdate":false,"showSkybox":false,"showFlares":false,"showImageEffects":false,"showParticleSystems":false},"in2DMode":false,"pivot":{"x":-2.8395400047302248,"y":-18.35930633544922,"z":1.3271865844726563},"rotation":{"x":0.4489591717720032,"y":0.03133314475417137,"z":-0.01570841297507286,"w":0.8928883671760559},"size":31.173139572143556,"orthographic":false}